Canton,Amount
TG,4.018981
AI,0.0
GE,1877.1015401
NW,0.0
BS,1405.2307849799997
AR,0.0
SH,0.176691
GL,0.0
FR,459.07366825000014
SZ,0.936551
UR,0.0
OW,0.0
TI,115.4033199
VD,2413.23912145
BE,1588.79136929
BL,0.0
GR,17.368351
AG,122.71137887
ZG,0.495715
SO,76.93487958
ZH,3719.88488729
JU,0.0
LU,54.77328667
NE,401.89764729999996
SG,91.19410245
VS,29.6440902
