Canton,Amount
ZG,0.495715
TG,4.018981
AR,0.0
BS,1405.2307849799997
AI,0.0
SZ,0.936551
VD,2413.23912145
BE,1588.79136929
TI,115.4033199
NW,0.0
SO,76.93487958
SG,91.19410245
GL,0.0
NE,401.89764729999996
ZH,3719.88488729
VS,29.6440902
BL,0.0
LU,54.77328667
OW,0.0
UR,0.0
AG,122.71137887
GR,17.368351
FR,459.07366825000014
JU,0.0
SH,0.176691
GE,1877.1015401
